X,Y,STORENAME,ADDRESS,ZIPCODE,PHONE,WARD,SSL,NOTES,PRESENT90,PRESENT95,PRESENT00,PRESENT05,PRESENT08,PRESENT09,PRESENT10,PRESENT11,PRESENT12,PRESENT13,PRESENT14,PRESENT15,PRESENT16,PRESENT17,PRESENT18,PRESENT22,PRESENT23,PRESENT24,PRESENT25,XCOORD,YCOORD,MAR_ID,SE_ANNO_CAD_DATA,GLOBALID,CREATED,EDITED,OBJECTID
-8574604.255,4719445.172,Target,7828 GEORGIA AVENUE NW,20012,2028923822,Ward 4,2960    0017,,,,,,,,,,,,,,,,,Yes,Yes,Yes,Yes,397662.57,146280.07,300512,,{CE302122-4E8D-4DC7-845B-06563B993F66},2022/09/28 22:04:54+00,2025/01/14 19:33:19+00,641
-8574502.418,4719303.166,International Progresso Market,7719 GEORGIA AVENUE NW,20012,2025455015,Ward 4,2961    0810,,,,,,,,,,,,,,,,,Yes,Yes,Yes,Yes,397741.8,146169.97,285417,,{2C18863D-40DE-4F66-AA59-46F1C65D67F2},2022/09/28 22:04:54+00,2025/01/14 19:33:19+00,642
-8574695.281,4717056.129,Jocelyn’s Market,6404 GEORGIA AVENUE NW,20012,2027227574,Ward 4,2945    0839,,,,,,,,,,,,,,,,,Yes,Yes,Yes,Yes,397591.16,144428,285334,,{A0B448C3-B3FB-49FE-B8BF-1FEBA3CEA642},2022/09/28 22:04:54+00,2025/01/14 19:33:19+00,643
-8580112.202,4716738.57,Magruder's,5626 CONNECTICUT AVENUE NW,20015,2024644946,Ward 3,1860    0013,,Yes,Yes,Yes,Yes,Yes,Yes,Yes,Yes,Yes,Yes,Yes,Yes,Yes,Yes,Yes,Yes,Yes,Yes,Yes,393373.92,144184.19,263860,,{9ABE1C46-BB48-4110-B5BA-C6363CA3BD7A},2022/09/28 22:04:54+00,2025/01/14 19:33:19+00,644
-8579939.697,4716602.197,Safeway,5545 CONNECTICUT AVENUE NW,20015,2022446097,Ward 3,1867    0092,,No,Yes,Yes,Yes,Yes,Yes,Yes,Yes,Yes,Yes,Yes,Yes,Yes,Yes,Yes,Yes,Yes,Yes,Yes,393508.13,144078.34,263999,,{902F540E-FE16-43A5-8010-CD84E94B28B7},2022/09/28 22:04:54+00,2025/01/14 19:33:19+00,645
-8574638.159,4716241.072,Walmart Supercenter,5929 GEORGIA AVENUE NW,20011,2027193770,Ward 4,2986    0039,Georgia Ave,No,No,No,No,No,No,No,No,No,Yes,Yes,Yes,Yes,Yes,Yes,Yes,Yes,Yes,Yes,397635.44,143796.02,254296,,{A40991EF-B8F3-44B5-AE35-48BD1C814681},2022/09/28 22:04:54+00,2025/01/14 19:33:19+00,646
-8571839.512,4715653.881,Walmart Supercenter,310 RIGGS ROAD NE,20011,2027564418,Ward 4,3748    0052,Riggs Road,No,No,No,No,No,No,No,No,No,No,No,Yes,Yes,Yes,Yes,Yes,Yes,Yes,Yes,399814.33,143340.35,311574,,{4BA6EDB6-4A42-4EBE-B792-63208B1427FE},2022/09/28 22:04:54+00,2025/01/14 19:33:19+00,647
-8573973.887,4715457.409,Tropimart International Foods,607 KENNEDY STREET NW,20011,2026272752,Ward 4,3207    0089,,,,,,,No,No,No,No,No,No,No,No,No,,Yes,No,No,No,398152.47,143188.21,246733,,{4FC86176-5DF9-44E1-B2C2-AFEA77046638},2022/09/28 22:04:54+00,2025/01/14 19:33:19+00,648
-8580936.136,4715414.282,Rodman’s,5100 WISCONSIN AVENUE NW,20016,2023633466,Ward 3,1656    0009,,,,,,,,,,,,,,,,,Yes,Yes,Yes,Yes,392731.53,143157.89,265883,,{572E410A-B3F5-4080-AD0F-CAE80BCBB60A},2022/09/28 22:04:54+00,2025/01/14 19:33:19+00,649
-8572980.355,4714706.422,Avenue Supermarket,5010 1ST STREET NW,20011,2027261330,Ward 4,3403    0806,,,,,,,,,,,,,,,,,Yes,Yes,Yes,Yes,398925.97,142605.69,243587,,{676068FB-DF0B-4A78-896F-774E4BFD51D0},2022/09/28 22:04:54+00,2025/01/14 19:33:19+00,650
-8580418.932,4714384.477,Whole Foods Market,4530 40TH STREET NW,20016,2022375800,Ward 3,1770    0804,Tenleytown location,No,No,Yes,Yes,Yes,Yes,Yes,Yes,Yes,Yes,Yes,Yes,Yes,Yes,Yes,Yes,Yes,Yes,Yes,393133.54,142358.92,265175,,{341736A6-6C41-4077-A93A-673C56BC463F},2022/09/28 22:04:54+00,2025/01/14 19:33:19+00,651
-8580567.854,4714302.558,Target,4500 WISCONSIN AVENUE NW,20016,2022925573,Ward 3,1730    0015,,,,,,,,,,,,,,,,,Yes,Yes,Yes,Yes,393017.52,142295.49,264422,,{13461840-7DAB-4095-842E-E0BE058C384E},2022/09/28 22:04:54+00,2025/01/14 19:33:19+00,652
-8582260.647,4713899.63,Wagshal’s Market,4845 MASSACHUSETTS AVENUE NW,20016,2023630777,Ward 3,1499    0001,,,,,,,No,No,No,No,No,No,No,No,No,,Yes,Yes,Yes,Yes,391699.01,141984.27,284992,,{83901818-3431-43A2-9828-2782605BDA76},2022/09/28 22:04:54+00,2025/01/14 19:33:19+00,653
-8578633.123,4713725.759,Giant,4303 CONNECTICUT AVENUE NW,20008,2023648250,Ward 3,2049    0805,,No,Yes,Yes,Yes,Yes,Yes,Yes,Yes,Yes,Yes,Yes,Yes,Yes,Yes,Yes,Yes,Yes,Yes,Yes,394523.79,141846.96,301784,,{A5398418-0FF0-4A39-80C8-117C98ABB687},2022/09/28 22:04:54+00,2025/01/14 19:33:19+00,654
-8574442.663,4713229.069,Yes! Organic,4100 GEORGIA AVENUE NW,20011,2022915790,Ward 4,2910    0810,Petworth,No,No,No,No,No,Yes,Yes,Yes,Yes,Yes,Yes,Yes,Yes,Yes,Yes,Yes,Yes,Yes,Yes,397786.99,141460.14,300492,,{67020644-0363-4EEF-BB0C-2F5EC3D7B9B5},2022/09/28 22:04:54+00,2025/01/14 19:33:19+00,655
-8575278.076,4713001.566,Morazan Grocery Store,3928 14TH STREET NW,20011,2027237480,Ward 4,2693    0044,,,,,,,,,,,,,,,,,Yes,Yes,Yes,Yes,397136.32,141283.89,259021,,{66C9FCED-A01E-41CD-B0E2-8C2FEE4DC7D3},2022/09/28 22:04:54+00,2025/01/14 19:33:19+00,656
-8570531.839,4712626.224,Yes! Organic,3809 12TH STREET NE,20017,2028327715,Ward 5,3925    0085,Brookland,No,No,No,No,Yes,Yes,Yes,Yes,Yes,Yes,Yes,Yes,Yes,Yes,Yes,Yes,Yes,Yes,Yes,400832.73,140992.28,30397,,{9393FE43-2ED5-4EDF-9759-3292D6A94B37},2022/09/28 22:04:54+00,2025/01/14 19:33:19+00,657
-8578059.125,4712488.144,Target,3505 CONNECTICUT AVENUE NW,20008,2028923794,Ward 3,2222    0015,,,,,,,,,,,,,,,,,Yes,Yes,Yes,Yes,394970.18,140886.73,301779,,{4BB2D833-8123-4785-8757-A7A7AE7727B6},2022/09/28 22:04:54+00,2025/01/14 19:33:19+00,658
-8578044.727,4712399.895,Streets Market,3427 CONNECTICUT AVENUE NW,20008,2022449114,Ward 3,2219    0809,,,,,,,,,,,,,,,,,Yes,Yes,Yes,Yes,394981.35,140818.27,219257,,{0BE52838-6678-4767-B12D-4DCD6CC38AF2},2022/09/28 22:04:54+00,2025/01/14 19:33:19+00,659
-8578033.999,4712388.97,Yes! Organic,3425 CONNECTICUT AVENUE NW,20008,2023631559,Ward 3,2219    0005,Cleveland Park,No,No,No,No,Yes,Yes,Yes,Yes,Yes,Yes,Yes,Yes,Yes,Yes,Yes,Yes,Yes,Yes,Yes,394989.7,140809.79,219254,,{99B96733-94BC-4168-996F-E13F7739FDD0},2022/09/28 22:04:54+00,2025/01/14 19:33:19+00,660
-8579727.021,4712272.345,Giant,3336 WISCONSIN AVENUE NW,20016,2022445922,Ward 3,1920    0844,,No,Yes,Yes,Yes,Yes,Yes,Yes,Yes,Yes,Yes,Yes,Yes,Yes,Yes,Yes,Yes,Yes,Yes,Yes,393671.02,140720.27,223125,,{88889CB0-2908-48D6-89DC-9F2EA4E383E3},2022/09/28 22:04:54+00,2025/01/14 19:33:19+00,661
-8575283.63,4712493.809,Panam Grocery,3552 14TH STREET NW,20010,2025450290,Ward 1,2688    0054,,,,,,,,,,,,,,,,,Yes,Yes,Yes,Yes,397131.92,140889.71,243394,,{10A82BC1-1BFD-4D64-97FE-DD857E19B37B},2022/09/28 22:04:54+00,2025/01/14 19:33:19+00,662
-8575154.52,4711767.219,Giant,1345 PARK ROAD NW,20010,2027771077,Ward 1,2837    0079,Tivoli Square,No,No,No,No,Yes,Yes,Yes,Yes,Yes,Yes,Yes,Yes,Yes,Yes,Yes,Yes,Yes,Yes,Yes,397232.21,140326.39,297595,,{8A0BF12C-0187-411D-AF20-D20BCF51034F},2022/09/28 22:04:54+00,2025/01/14 19:33:19+00,663
-8575861.279,4711679.017,El Progreso Market,3158 MOUNT PLEASANT STREET NW,20010,2024621151,Ward 1,2596    1055,,,,,,,,,,,,,,,,,Yes,Yes,Yes,Yes,396681.69,140258.18,236467,,{7B9E3417-64EB-4153-A7C8-C5D5312ACC23},2022/09/28 22:04:54+00,2025/01/14 19:33:19+00,664
-8568797.672,4711571.062,Good Food Markets,2006 RHODE ISLAND AVENUE NE,20018,2022488494,Ward 5,4219    0030,,,,,,,,,,,,,,,,,No,No,No,No,402183.58,140174.04,53027,,{EE5A54C1-FCF9-4438-AD63-D0068084835E},2022/09/28 22:04:54+00,2025/01/14 19:33:19+00,665
-8575272.777,4711550.635,Target,3100 14TH STREET NW,20010,2027773773,Ward 1,2674    0721,,No,No,No,No,Yes,Yes,Yes,Yes,Yes,Yes,Yes,Yes,Yes,Yes,Yes,Yes,Yes,Yes,Yes,397140.04,140158.41,306304,,{E4D349AB-9F8A-4A4F-AE42-9E15C64AE5A9},2022/09/28 22:04:54+00,2025/01/14 19:33:19+00,666
-8576164.207,4710821.854,Safeway,1747 COLUMBIA ROAD NW,20009,2026670774,Ward 1,2580    0512,,Yes,Yes,Yes,Yes,Yes,Yes,Yes,Yes,Yes,Yes,Yes,Yes,Yes,Yes,Yes,Yes,Yes,Yes,Yes,396445.44,139593.32,284083,,{7C1459D3-4205-465C-8589-CDC4A462B587},2022/09/28 22:04:54+00,2025/01/14 19:33:19+00,667
-8571590.428,4710483.112,Save-A-Lot,514 RHODE ISLAND AVENUE NE,20002,2026363780,Ward 5,3629    0007,,No,No,No,No,No,No,No,No,Yes,Yes,Yes,Yes,Yes,Yes,Yes,No,No,No,No,400008.27,139329.72,288529,,{09F34878-24DD-4586-B191-15D479E733DF},2022/09/28 22:04:54+00,2025/01/14 19:33:19+00,668
-8576466.673,4710476.916,Yes! Organic,1825 COLUMBIA ROAD NW,20009,2024625150,Ward 1,2549    0636,Adams Morgan,No,No,No,No,Yes,Yes,Yes,Yes,Yes,Yes,Yes,Yes,Yes,Yes,Yes,Yes,Yes,Yes,Yes,396209.7,139325.82,295011,,{E4E3D6C8-C808-483E-B1FD-7C24CD0DF1F8},2022/09/28 22:04:54+00,2025/01/14 19:33:19+00,669
-8579572.962,4710352.406,Whole Foods Market,2323 WISCONSIN AVENUE NW,20007,2023335393,Ward 3,1299    1028,Georgetown,No,No,Yes,Yes,Yes,Yes,Yes,Yes,Yes,Yes,Yes,Yes,Yes,Yes,Yes,Yes,Yes,Yes,Yes,393789.84,139230.75,284358,,{7F249106-38C6-4211-9E2D-DE35D95AB1ED},2022/09/28 22:04:54+00,2025/01/14 19:33:19+00,670
-8566132.906,4710340.484,Costco Wholesale,2441 MARKET STREET NE,20018,2022698540,Ward 5,4327    0004,Costco,No,No,No,No,No,No,No,No,Yes,Yes,Yes,Yes,Yes,Yes,Yes,Yes,Yes,Yes,Yes,404259.71,139220.21,309925,,{582A1832-3715-4F9B-A072-024D908CED52},2022/09/28 22:04:54+00,2025/01/14 19:33:19+00,671
-8575172.518,4710327.771,Streets Market,2400 14TH STREET NW,20009,2022653300,Ward 1,2661    0864,,No,No,No,No,No,No,No,No,No,No,Yes,Yes,Yes,Yes,Yes,Yes,Yes,Yes,Yes,397217.8,139209.69,234183,,{F7E5C73D-8053-4889-8B2A-84BE61889AB6},2022/09/28 22:04:54+00,2025/01/14 19:33:19+00,672
-8576447.873,4710326.906,Streets Market,1864 COLUMBIA ROAD NW,20009,2027580658,Ward 1,2551    0063,,,,,,,,,,,,,,,,,Yes,Yes,Yes,Yes,396224.29,139209.43,235402,,{A32952C5-FD79-4008-A590-64137F8F0F6C},2022/09/28 22:04:54+00,2025/01/14 19:33:19+00,673
-8574369.082,4710184.01,Whole Foods Market,967 FLORIDA AVENUE NW,20001,2025193400,Ward 1,2873    1102,,No,No,No,No,No,No,No,No,No,No,No,No,No,No,No,Yes,Yes,Yes,Yes,397861.5,139107.39,319123,,{7C0648AB-FB04-4997-85C8-EBAC703EA054},2022/09/28 22:04:54+00,2025/01/14 19:33:19+00,674
-8575120.686,4710005.074,Yes! Organic,2123 14TH STREET NW,20009,2022326603,Ward 1,0235    0204,14th Street,No,No,No,No,Yes,Yes,Yes,Yes,Yes,Yes,Yes,Yes,Yes,Yes,Yes,Yes,No,No,No,397258.09,138959.31,306454,,{45FCE223-597A-4EE4-8E29-104D58F54BA1},2022/09/28 22:04:54+00,2025/01/14 19:33:19+00,675
-8582283.246,4709852.653,Safeway,4865 MACARTHUR BOULEVARD NW,20007,2023375649,Ward 3,1389    0025,,No,Yes,Yes,Yes,Yes,Yes,Yes,Yes,Yes,Yes,Yes,Yes,Yes,Yes,Yes,No,No,No,No,391678.11,138844.95,285004,,{B781FF71-032E-4647-86D6-214D329796D9},2022/09/28 22:04:54+00,2025/01/14 19:33:19+00,676
-8579247.134,4709834.277,Trader Joe's,2101 WISCONSIN AVENUE NW #A,20007,2029448403,Ward 3,1299    0321,,,,,,,,,,,,,,,,,Yes,Yes,Yes,Yes,394043.36,138828.56,279531,,{0A0E4B5E-71B9-4C2B-8AEC-B11810E99D37},2022/09/28 22:04:54+00,2025/01/14 19:33:19+00,677
-8569598.467,4709684.767,Target,1515 NEW YORK AVENUE NE,20002,2029142396,Ward 5,4037    0011,,,,,,,,,,,,,,,,,Yes,Yes,Yes,Yes,401560.12,138710.47,311951,,{0C4314DD-09D6-4C23-A6C1-598EB3475C4F},2022/09/28 22:04:54+00,2025/01/14 19:33:19+00,678
-8579121.637,4709664.436,Safeway,1855 WISCONSIN AVENUE NW,20007,2023333223,Ward 2,1299    1040,,Yes,No,No,Yes,Yes,Yes,Yes,Yes,Yes,Yes,Yes,Yes,Yes,Yes,Yes,Yes,Yes,Yes,Yes,394141.03,138696.71,224665,,{152A7BF1-F352-41DA-8C39-350BB15C9DA0},2022/09/28 22:04:54+00,2025/01/14 19:33:19+00,679
-8575190.356,4709660.859,Trader Joe's,1914 14TH STREET NW,20009,2029861591,Ward 2,0205    0847,14th Street NW,No,No,No,No,No,No,No,No,No,No,Yes,Yes,Yes,Yes,Yes,Yes,Yes,Yes,Yes,397203.72,138692.26,302384,,{20462FC5-F80E-4B9E-8453-C77D29F6814A},2022/09/28 22:04:54+00,2025/01/14 19:33:19+00,680
-8569774.393,4709639.511,Mom's Organic Market,1501 NEW YORK AVENUE NE,20002,2027913826,Ward 5,4037    0821,Mom's,No,No,No,No,No,No,No,No,No,No,Yes,Yes,Yes,Yes,Yes,Yes,Yes,Yes,Yes,401423.07,138675.33,311943,,{39DF581B-389F-4E1D-BDE3-AC542E23FAB1},2022/09/28 22:04:54+00,2025/01/14 19:33:19+00,681
-8575937.334,4709082.383,Safeway,1701 CORCORAN STREET NW,20009,2026676825,Ward 2,0155    0231,,Yes,Yes,Yes,Yes,Yes,Yes,Yes,Yes,Yes,Yes,Yes,Yes,Yes,Yes,Yes,Yes,Yes,Yes,Yes,396621.59,138243.64,241699,,{490DC6A4-034E-4AF9-ACD1-569A11F60998},2022/09/28 22:04:54+00,2025/01/14 19:33:19+00,682
-8575337.535,4708716.374,Whole Foods Market,1440 P STREET NW,20005,2023324300,Ward 2,0210    0128,Logan Circle,No,No,No,Yes,Yes,Yes,Yes,Yes,Yes,Yes,Yes,Yes,Yes,Yes,Yes,Yes,Yes,Yes,Yes,397088.79,137959.45,279174,,{E2BC2F94-FC35-429E-80F4-CCEFB72EB8A5},2022/09/28 22:04:54+00,2025/01/14 19:33:19+00,683
-8576984.81,4708715.091,Metro Supermarket,2130 P STREET NW #5,20037,2028333720,Ward 2,0068    0088,"Reported closed on May 21, 2025",No,No,No,No,No,No,No,No,No,No,No,No,No,No,No,Yes,Yes,Yes,No,395805.35,137959.03,298500,,{C99935D3-E9F5-4B87-B33E-567C27861A84},2022/09/28 22:04:54+00,2025/07/22 19:30:12+00,684
-8574063.769,4708612.173,Giant,1400 7TH STREET NW,20001,2022380180,Ward 2,0398    0836,O Street Market,No,No,No,No,No,No,No,No,No,Yes,Yes,Yes,Yes,Yes,Yes,Yes,Yes,Yes,Yes,398081.2,137878.29,304153,,{3B7BC6D4-B9C8-47C2-A6E3-3ABC4B866128},2022/09/28 22:04:54+00,2025/01/14 19:33:19+00,685
-8571663.973,4708425.791,Trader Joe's,350 FLORIDA AVENUE NE,20002,2026081023,Ward 5,3587    0851,,No,No,No,No,No,No,No,No,No,No,No,No,No,No,No,Yes,Yes,Yes,Yes,399950.97,137733.43,315607,,{FA6F18F0-D92C-46A8-B126-8C41D9FDB874},2022/09/28 22:04:54+00,2025/01/14 19:33:19+00,686
-8576984.573,4708314.577,Streets Market,1255 22ND STREET NW,20037,2026520843,Ward 2,0070    0198,,,,,,,,,,,,,,,,,Yes,Yes,Yes,Yes,395805.37,137648.24,242473,,{4A6B4F37-016E-45D8-9740-A4CAF5FEDFC1},2022/09/28 22:04:54+00,2025/01/14 19:33:19+00,687
-8572212.442,4708219.109,Harris Teeter,1201 1ST STREET NE,20002,2029861415,Ward 6,0711    0816,,No,No,No,No,No,No,No,Yes,Yes,Yes,Yes,Yes,Yes,Yes,Yes,Yes,Yes,Yes,Yes,399523.62,137573.06,303728,,{8CDC5267-E6E1-48AF-AFEA-78C495698D3E},2022/09/28 22:04:54+00,2025/01/14 19:33:19+00,688
-8572410.21,4708138.928,Streets Market,51 M STREET NE,20002,2028981314,Ward 6,0673    0035,,,,,,,,,,,,,,,,,Yes,Yes,Yes,Yes,399369.52,137510.85,314143,,{D3E48F1B-5213-4D23-9936-A3D4134F935E},2022/09/28 22:04:54+00,2025/01/14 19:33:19+00,689
-8574834.001,4708073.895,Streets Market,1221 MASSACHUSSETTS AVENUE NW,20005,2024147891,Ward 2,0282    0044,,,,,,,,,,,,,,,,,Yes,Yes,Yes,Yes,397480.95,137460.76,240918,,{2F403E9E-AEA5-44A1-900D-95309EE11B4B},2022/09/28 22:04:54+00,2025/01/14 19:33:19+00,690
-8578853.3,4708039.507,Dean & DeLuca,3276 M STREET NW,20007,2023422500,Ward 2,1186    0800,Georgetown,No,No,No,No,Yes,Yes,Yes,Yes,Yes,Yes,Yes,Yes,Yes,Yes,Yes,No,No,No,No,394349.18,137435.69,273712,,{82BF1711-E23B-4B68-B4DE-400EF03E897F},2022/09/28 22:04:54+00,2025/01/14 19:33:19+00,691
-8577502.334,4707958.17,Trader Joe's,1101 25TH STREET NW,20037,2022961921,Ward 2,0025    0022,West End,No,No,No,No,Yes,Yes,Yes,Yes,Yes,Yes,Yes,Yes,Yes,Yes,Yes,Yes,Yes,Yes,Yes,395401.79,137371.89,303613,,{5D7EA9EE-610E-4F06-B17D-C8BA29421FAA},2022/09/28 22:04:54+00,2025/01/14 19:33:19+00,692
-8569155.305,4707582.009,Aldi,901 17TH STREET NE,20002,8559552534,Ward 5,4488    0040,,No,No,No,No,No,No,No,Yes,Yes,Yes,Yes,Yes,Yes,Yes,Yes,Yes,Yes,Yes,Yes,401905.76,137078.87,308898,,{D1A3CEBE-A387-4471-BCA7-AA47D3011EC6},2022/09/28 22:04:54+00,2025/01/14 19:33:19+00,693
-8577063.229,4707488.929,Whole Foods Market,2201 I STREET NW,20037,2022961660,Ward 2,0054    7011,Foggy Bottom,No,No,No,No,No,No,No,Yes,Yes,Yes,Yes,Yes,Yes,Yes,Yes,Yes,Yes,Yes,Yes,395743.74,137007.55,310098,,{B259B91E-D7EE-4FBD-82DB-715522CD5542},2022/09/28 22:04:54+00,2025/01/14 19:33:19+00,694
-8569349.056,4707439.796,Safeway,1601 MARYLAND AVENUE NE,20002,2023986903,Ward 5,4493    0001,,No,No,Yes,Yes,Yes,Yes,Yes,Yes,Yes,Yes,Yes,Yes,Yes,Yes,Yes,Yes,Yes,Yes,Yes,401754.81,136968.47,297814,,{494D49F3-9C9B-470E-B1F8-9C98DF9A7C02},2022/09/28 22:04:54+00,2025/01/14 19:33:19+00,695
-8571784.137,4707420.162,Giant,300 H STREET NE,20002,2025485100,Ward 6,0776    0054,H Street NE,No,No,No,No,No,No,No,No,No,Yes,Yes,Yes,Yes,Yes,Yes,Yes,Yes,Yes,Yes,399857.33,136953.04,308511,,{0AC05C96-D2DA-4FA4-AD8E-B71D2BA7A9D6},2022/09/28 22:04:54+00,2025/01/14 19:33:19+00,696
-8572935.185,4707415.373,Walmart Supercenter,99 H STREET NW,20001,2027192110,Ward 6,0623    0836,H Street,No,No,No,No,No,No,No,No,No,Yes,Yes,Yes,Yes,Yes,Yes,Yes,No,No,No,398960.4,136949.39,310062,,{64362A25-E4DC-498A-99E0-AFD5F5458CD1},2022/09/28 22:04:54+00,2025/01/14 19:33:19+00,697
-8571394.559,4707415.394,Whole Foods Market,600 H STREET NE,20002,2024697410,Ward 6,0858    0866,,No,No,No,No,No,No,No,No,No,No,No,No,No,Yes,Yes,Yes,Yes,Yes,Yes,400160.9,136949.34,311750,,{0E5F6476-B227-4331-93A1-82D61AEB140B},2022/09/28 22:04:54+00,2025/01/14 19:33:19+00,698
-8577294.084,4706861.817,Market at Columbia Plaza,516 23RD STREET NW,20037,2022233517,Ward 2,0033    0087,,,,,,,,,,,,,,,,,Yes,Yes,Yes,Yes,395563.58,136520.96,298798,,{39BDDDB8-33B0-4171-B79A-27CD150E7C2F},2022/09/28 22:04:54+00,2025/01/14 19:33:19+00,699
-8571102.739,4705175.212,Trader Joe's,750 PENNSYLVANIA AVENUE SE,20003,2026980190,Ward 6,0901    0804,,No,No,No,No,No,No,No,No,No,No,No,No,No,Yes,Yes,Yes,Yes,Yes,Yes,400388.38,135210.64,313096,,{7C2588A4-1864-491B-A41D-9B024BFF2FB1},2022/09/28 22:04:54+00,2025/01/14 19:33:19+00,700
-8570103.712,4705004.675,Safeway,415 14TH STREET SE,20003,2025474333,Ward 6,1042    0829,,Yes,Yes,Yes,Yes,Yes,Yes,Yes,Yes,Yes,Yes,Yes,Yes,Yes,Yes,Yes,Yes,Yes,Yes,Yes,401167.04,135078.34,26239,,{359C10E9-C72A-4432-B4FB-D7E3E217154C},2022/09/28 22:04:54+00,2025/01/14 19:33:19+00,701
-8571006.74,4704981.967,Yes! Organic,410 8TH STREET SE,20003,2025469850,Ward 6,0925    0026,Capitol Hill,No,No,No,No,Yes,Yes,Yes,Yes,Yes,Yes,Yes,Yes,Yes,Yes,Yes,Yes,Yes,Yes,Yes,400463.21,135060.64,300093,,{33159ACB-655C-4DFD-8C0C-E1AE15930E24},2022/09/28 22:04:54+00,2025/01/14 19:33:19+00,702
-8572125.442,4704537.958,Whole Foods Market,101 H STREET SE,20003,2024697280,Ward 8,0737    0827,,,,,,,,,,,,,,,,,Yes,Yes,Yes,Yes,399591.26,134715.97,315544,,{4F07489C-1004-4754-94C9-F628F12AAAC7},2022/09/28 22:04:54+00,2025/01/14 19:33:19+00,703
-8570111.89,4704527.131,Harris Teeter,1350 POTOMAC AVENUE SE,20003,2025431040,Ward 6,1045    0138,Jenkins Row,No,No,No,No,Yes,Yes,Yes,Yes,Yes,Yes,Yes,Yes,Yes,Yes,Yes,No,No,No,No,401160.72,134707.64,303730,,{496859BA-CC24-41CA-8667-F6B0E8C7A3CF},2022/09/28 22:04:54+00,2025/01/14 19:33:19+00,704
-8573511.235,4704157.032,Safeway,1100 4TH STREET SW,20024,2025549155,Ward 6,0542    0872,,No,Yes,Yes,Yes,Yes,Yes,Yes,Yes,Yes,Yes,Yes,Yes,Yes,Yes,Yes,Yes,Yes,Yes,Yes,398511.05,134420.39,307170,,{A30D0370-6C3A-4079-9F2C-2EF7B5627C78},2022/09/28 22:04:54+00,2025/01/14 19:33:19+00,705
-8571611.539,4703957.242,Harris Teeter,401 M St SE,20003,2025540164,Ward 8,0771    0811,Navy Yard,No,No,No,No,No,No,No,No,No,No,Yes,Yes,Yes,Yes,Yes,Yes,Yes,Yes,Yes,399991.82,134265.15,309432,,{1DB59107-6766-42A4-8BA2-5D6FC647D9EF},2022/09/28 22:04:54+00,2025/01/14 19:33:19+00,706
-8567890.871,4701499.216,Safeway,2845 ALABAMA AVENUE SE,20020,2025757525,Ward 7,5642    0001,,No,No,Yes,Yes,Yes,Yes,Yes,Yes,Yes,Yes,Yes,Yes,Yes,Yes,Yes,Yes,Yes,Yes,Yes,402892.75,132357.23,278282,,{A3BFCCAD-8C29-4BF5-91D7-A33915402BCF},2022/09/28 22:04:54+00,2025/01/14 19:33:19+00,707
-8569485.646,4699486.188,Giant,1535 ALABAMA AVENUE SE,20032,2026106464,Ward 8,5912    0818,Camp Simms,No,No,No,No,Yes,Yes,Yes,Yes,Yes,Yes,Yes,Yes,Yes,Yes,Yes,Yes,Yes,Yes,Yes,401649.66,130793.59,306557,,{B9BAED96-5B48-4DD4-B08E-E531CF031451},2022/09/28 22:04:54+00,2025/01/14 19:33:19+00,708
-8574556.392,4717307.717,Safeway,6500 PINEY BRANCH ROAD NW,20012,2027235644,Ward 4,2974    0020,,No,No,Yes,Yes,Yes,Yes,Yes,Yes,Yes,Yes,Yes,Yes,Yes,Yes,Yes,Yes,Yes,Yes,Yes,397699.34,144623.03,285341,,{61779AAC-DFDE-4952-9C2E-9CF5BC9DEEF2},2022/09/28 22:04:54+00,2025/01/14 19:33:19+00,709
-8580780.697,4714847.007,Safeway,4203 DAVENPORT STREET NW,20016,2023640290,Ward 3,1672    0815,,Yes,Yes,Yes,Yes,Yes,Yes,Yes,Yes,Yes,Yes,Yes,No,No,No,No,No,No,No,No,392852.16,142717.87,301160,,{89BCAD9B-90E3-49D3-B89A-BE1A35447D76},2022/09/28 22:04:54+00,2025/01/14 19:33:19+00,710
-8574368.064,4712859.806,Safeway,3830 GEORGIA AVENUE NW,20011,2028821140,Ward 4,2905    0814,,Yes,Yes,Yes,Yes,Yes,Yes,Yes,Yes,Yes,Yes,Yes,Yes,Yes,Yes,Yes,Yes,Yes,Yes,Yes,397845.01,141173.71,225076,,{CE7A30D3-A0A7-4E3E-8C33-94EF828CF35D},2022/09/28 22:04:54+00,2025/01/14 19:33:19+00,711
-8575891.533,4711784.633,BestWorld Supermarket,3178 MOUNT PLEASANT STREET NW,20010,2022653768,Ward 1,2601    0667,,Yes,Yes,Yes,Yes,Yes,Yes,Yes,Yes,Yes,Yes,Yes,Yes,Yes,Yes,Yes,Yes,Yes,Yes,Yes,396658.16,140340.12,233149,,{38E91B45-9A3E-4AE6-BA7A-F6C9D2ED834B},2022/09/28 22:04:54+00,2025/01/14 19:33:19+00,712
-8575880.12,4710503.024,Harris Teeter,1631 KALORAMA ROAD NW,20009,2029861415,Ward 1,2572    0036,Citadel,No,No,No,No,Yes,Yes,Yes,Yes,Yes,Yes,Yes,Yes,Yes,Yes,Yes,Yes,Yes,Yes,Yes,396666.63,139345.87,284059,,{9C7F3535-0563-49EB-94A7-AC647D52A781},2022/09/28 22:04:54+00,2025/01/14 19:33:19+00,713
-8570758.207,4710108.53,Giant,1050 BRENTWOOD ROAD NE,20018,2022813900,Ward 5,3854    0802,,No,No,No,Yes,Yes,Yes,Yes,Yes,Yes,Yes,Yes,Yes,Yes,Yes,Yes,Yes,Yes,Yes,Yes,400656.59,139039.13,299835,,{8DCFB057-DC2B-4672-AF50-AEF4052A5E39},2022/09/28 22:04:54+00,2025/01/14 19:33:19+00,714
-8576632.434,4709401.037,Dawson's Market,2001 S STREET NW,20009,2025885698,Ward 2,0090    0032,,,,,,,,,,,,,,,,,Yes,No,No,No,396080.16,138491.14,242564,,{65033E44-B702-43E3-B52F-3FF94A0FB7E9},2022/09/28 22:04:54+00,2025/01/14 19:33:19+00,715
-8574572.171,4708329.993,Capitol Super Market,1231 11TH STREET NW,20001,2022891336,Ward 2,0340    0824,,No,No,No,No,Yes,Yes,Yes,Yes,Yes,Yes,Yes,Yes,Yes,Yes,Yes,Yes,Yes,Yes,Yes,397685.02,137659.43,239341,,{0613191B-5619-4A20-83D7-E7FEA9AF28FC},2022/09/28 22:04:54+00,2025/01/14 19:33:19+00,716
-8573644.05,4707857.729,Safeway,490 L STREET NW,20001,2027192435,Ward 6,0515    0158,Mt. Vernon Square,No,No,No,No,Yes,Yes,Yes,Yes,Yes,Yes,Yes,Yes,Yes,Yes,Yes,Yes,Yes,Yes,Yes,398408.1,137292.77,304767,,{009CF7A2-1951-4C57-8BB0-903A0D541736},2022/09/28 22:04:54+00,2025/01/14 19:33:19+00,717
-8565751.753,4706376.302,Safeway,322 40TH STREET NE,20019,2023972802,Ward 7,5051N   0840,,Yes,Yes,Yes,Yes,Yes,Yes,Yes,Yes,Yes,Yes,Yes,Yes,Yes,Yes,Yes,Yes,Yes,Yes,Yes,404558.4,136144.21,295141,,{DE137DF5-10A3-4008-852F-F1AD1DDB40AC},2022/09/28 22:04:54+00,2025/01/14 19:33:19+00,718
-8568567.098,4703658.256,Yes! Organic,2323 PENNSYLVANIA AVENUE SE,20020,2025821480,Ward 7,5560    0055,,No,No,No,No,No,No,Yes,Yes,Yes,No,No,No,No,No,No,No,No,No,No,402365.01,134033.39,48543,,{C6D5AFFB-30F8-4FDA-9817-A07B591EB5E2},2022/09/28 22:04:54+00,2025/01/14 19:33:19+00,719
-8580202.049,4713145.296,Wegmans,41 RIDGE SQUARE NW,20016,2024491600,Ward 3,1823    0804,,,,,,,,,,,,,,,,,Yes,Yes,Yes,Yes,393327.16,141364.5,331634,,{35D83E77-B803-4AD4-9D93-07A2EF13217B},2022/09/28 22:04:54+00,2025/01/14 19:33:19+00,720
-8567971.896,4701889.978,Lidl,2224 TOWN CENTER DRIVE SE,20020,8447475435,Ward 7,5633    0022,,,,,,,,,,,,,,,,,Yes,Yes,Yes,Yes,402813.53,132636.72,313156,,{657A36ED-8179-4F52-B969-A9B5B5A37437},2022/09/28 22:04:54+00,2025/01/14 19:33:19+00,721
-8572500.491,4697521.828,Good Food Markets,4001 SOUTH CAPITOL STREET SW,20032,2022488496,Ward 8,6172    0815,,,,,,,,,,,,,,,,,Yes,No,No,No,399303.3,129237.48,276615,,{6687A883-515F-4E5E-A252-2610DA85DDED},2022/09/28 22:04:54+00,2025/01/14 19:33:19+00,722
-8577761.232,4708721.504,Streets Market,2617 P STREET NW,20007,2027350996,Ward 2,1265    0101,,,,,,,,,,,,,,,,,,Yes,Yes,Yes,395200.42,137964.35,275887,,{07F7DAF6-0B56-43FE-9DC9-86634EF9DAFF},2023/05/17 19:23:12+00,2025/01/14 19:33:19+00,961
-8574736.238,4718248.846,Whole Foods Market,7130 12TH STREET NW,20012,2028466680,Ward 4,2950    0003,,No,No,No,No,No,No,No,No,No,No,No,No,No,No,No,No,Yes,Yes,Yes,397559.56,145352.71,334710,,{D67B7C47-1873-455E-9891-CAA0F0D4DFBF},2023/06/28 17:10:21+00,2025/01/14 19:33:19+00,962
-8575272.777,4711550.635,Lidl,"3100 14TH STREET NW, #116",20010,8447475435,Ward 1,2674    0721,,No,No,No,No,No,No,No,No,No,No,No,No,No,No,No,No,Yes,Yes,Yes,397140.04,140158.41,306304,,{61B4CD00-7A62-4328-A071-834DEF99283A},2023/06/28 17:18:47+00,2025/01/14 19:33:19+00,963
-8575134.275,4709247.221,AmazonFresh,1733 14TH STREET NW,20009,,Ward 2,0239    0131,,No,No,No,No,No,No,No,No,No,No,No,No,No,No,No,Yes,Yes,No,No,397247.3,138371.3,318767,,{B7BC9F16-A487-45FA-B334-3F316A686E3D},2024/09/30 19:43:40+00,2025/01/14 19:33:19+00,1281
-8574241.518,4708371.181,Union Kitchen Grocery,1251 9TH STREET NW,20001,2027927850,Ward 2,0400    0852,,No,No,No,No,No,No,No,No,No,No,No,No,No,Yes,Yes,Yes,Yes,Yes,Yes,397942.66,137691.32,301804,,{4DAF45C3-D4AB-4483-9C6D-46E2ECE3B04A},2024/09/30 21:11:17+00,2025/01/14 19:33:19+00,1603
-8571016.752,4704907.957,Union Kitchen Grocery,430 8TH STREET SE,20003,2027927850,Ward 6,0925    0014,,No,No,No,No,No,No,No,No,No,No,No,No,No,No,No,Yes,Yes,No,No,400455.41,135003.19,24127,,{F74916FB-B017-4045-9BA8-3623DA4F2C9D},2024/09/30 21:11:17+00,2025/08/20 23:32:15+00,1604
-8572046.276,4709074.874,Union Kitchen Grocery,1625 ECKINGTON PLACE NE,20002,2027927850,Ward 5,3576    0057,,No,No,No,No,No,No,No,No,No,No,No,No,No,No,No,Yes,Yes,Yes,Yes,399653.12,138237.1,145957,,{60636EEE-00C8-44FA-A8DA-7A8896997FAD},2024/09/30 21:11:17+00,2025/01/14 19:33:19+00,1605
-8571847.008,4706957.45,Union Kitchen Grocery,538 3RD STREET NE,20002,2027927850,Ward 6,0754    0098,,No,No,No,No,No,No,No,No,No,No,No,Yes,Yes,Yes,Yes,Yes,Yes,Yes,Yes,399808.33,136593.94,9536,,{F3D6C804-C6EA-4876-9246-F757ADC92793},2024/09/30 21:11:17+00,2025/08/20 23:32:15+00,1606
-8571570.261,4715161.297,Aldi,5300 SOUTH DAKOTA AVENUE NE,20011,8003257894,Ward 2,3765 0011,"Opened December 5, 2024",No,No,No,No,No,No,No,No,No,No,No,No,No,No,No,No,No,Yes,Yes,400023.97,142958.37,320261,,{BB6F0661-0A1D-4A8F-9020-F79D84E4AC0A},2025/01/14 19:18:49+00,2025/01/14 19:33:19+00,1921
-8575846.56,4711664.25,Streets Market,3146 MOUNT PLEASANT STREET NW,20010,2025165996,1,2596    1057,"Opened January 31, 2025.",No,No,No,No,No,No,No,No,No,No,No,No,No,No,No,No,No,No,Yes,396693.15,140246.72,236468,,{876FAD75-780E-4D01-8EE9-3E3D6ED38FE9},2025/07/22 19:30:12+00,2025/07/22 19:30:12+00,2241
-8571141.181,4711955.476,Trader Joe's,701 MONROE STREET NE,20017,202777460,5,3654    0020,"Opened May 15, 2025",No,No,No,No,No,No,No,No,No,No,No,No,No,No,No,No,No,No,Yes,400358.18,140471.95,310875,,{C3CEB08E-844C-41AF-A5C5-FB8DBF1F49AA},2025/07/22 19:30:12+00,2025/07/22 19:30:12+00,2242